,Function 1,Function 2,Function 3,Function 4,Function 5
Function 1,1.0,0.001953125,0.001953125,0.001953125,0.001953125
Function 2,0.001953125,1.0,0.001953125,0.001953125,0.001953125
Function 3,0.001953125,0.001953125,1.0,0.001953125,0.001953125
Function 4,0.001953125,0.001953125,0.001953125,1.0,0.001953125
Function 5,0.001953125,0.001953125,0.001953125,0.001953125,1.0
